[
  {
    "id": "author-001",
    "name": "F. Scott Fitzgerald",
    "birthYear": 1896,
    "nationality": "American",
    "biography": "American novelist and short story writer",

    "createdAt": "2024-08-14T10:30:00.000Z"
  },
  {
    "id": "author-002",
    "name": "Harper Lee",
    "birthYear": 1926,
    "nationality": "American",
    "biography": "American novelist widely known for To Kill a Mockingbird",
    "createdAt": "2024-08-14T10:31:00.000Z"
  },
  {
    "id": "author-003",
    "name": "George Orwell",
    "birthYear": 1903,
    "nationality": "British",
    "biography": "English novelist and essayist",
    "createdAt": "2024-08-14T10:32:00.000Z"
  }
]
