[
  {
    "id": "book-001",
    "title": "The Great Gatsby",
    "isbn": "978-0-7432-7356-5",
    "authorId": "author-001",
    "categoryId": "category-001",
    "publishedYear": 1925,
    "availableCopies": 3,
    "totalCopies": 5,
    "createdAt": "2024-08-14T10:30:00.000Z"
  },
  {
    "id": "book-002",
    "title": "To Kill a Mockingbird",
    "isbn": "978-0-06-112008-4",
    "authorId": "author-002",
    "categoryId": "category-001",
    "publishedYear": 1960,
    "availableCopies": 2,
    "totalCopies": 4,
    "createdAt": "2024-08-14T10:31:00.000Z"
  },
  {
    "id": "book-003",
    "title": "1984",
    "isbn": "978-0-452-28423-4",
    "authorId": "author-003",
    "categoryId": "category-002",
    "publishedYear": 1949,
    "availableCopies": 1,
    "totalCopies": 3,
    "createdAt": "2024-08-14T10:32:00.000Z"
  }
]
